tree_node_id;tree_node_parent_id;structure_id;maturity_id;tree_node_name;tree_node_code;tree_node_status;tree_node_last_synchronization_date;tree_node_last_update_properties_date;tree_node_last_update_scorecard_date;tree_node_last_scorecard_update_by_anybody_date;tree_node_last_update_children_date;tree_node_currency;snapshot_date
00009fcc31984b94ab196a66cdd1641a;2686d51ba4a449f4880b5ff4a7dc6cbf;926e5ee555634da092560f473f8b426b;Ongoing Département;Zone 1 / Chantier 9780;LVF-D80;Ok;;2021-11-30T15:30:16.0000000;2022-10-26T13:21:08.0000000;2022-10-26T13:21:08.0000000;2021-09-24T11:23:10.0000000;EUR;2022-10-28T23:59:59.0000000
000e66771b9a45618f63c7d29964ba65;a4212b3aaaf4475a828b108e88046837;84e17381b827401c9920b2f4c3f48b1c;Ongoing Département;Zone 1 / Chantier 5226;RTD-D46;Ok;;2022-02-28T18:16:47.0000000;2022-10-17T09:09:40.0000000;2022-10-17T09:09:40.0000000;2021-11-15T15:15:43.0000000;EUR;2022-10-28T23:59:59.0000000
0011c07fa41b4423a052156874ce7c8d;d3d150d57d054f0ab876dfa796c815fd;5ad2a885f5274fc084b9289ee477db2a;Ongoing Département;Zone 1 / Chantier 2939;RFP-D16;Ok;;2022-06-08T16:13:02.0000000;2021-03-30T11:56:16.0000000;2021-03-30T11:56:16.0000000;2021-06-22T17:19:56.0000000;EUR;2022-10-28T23:59:59.0000000
0020e9d29e1241acac9fae0673bd6af5;bc7cefd791fe452b909116bb3ec633f9;204faa6a269546eababbf72d009d6567;Ongoing Département;Zone 1 / Chantier 9994;LAH-D29;Ok;;2022-09-20T11:34:01.0000000;2022-10-21T16:01:30.0000000;2022-10-21T16:01:30.0000000;2021-11-18T18:32:55.0000000;EUR;2022-10-28T23:59:59.0000000
00212c62756940668f4bd1930c7d533a;f3ad3f2f75f14684a1f7e8c3d24454be;1c00cf7ed0c848e98ce56fe565fdd709;Ongoing Département;Zone 1 / Chantier 9550;CIE-D13;Ok;;2021-06-22T12:09:37.0000000;2022-09-26T16:07:32.0000000;2022-09-26T16:07:32.0000000;2021-06-22T12:09:37.0000000;EUR;2022-10-28T23:59:59.0000000
00231161358442a29187804668b3249d;d87fbade2a8142148336237cb3188a16;00e73f2a7f934805b6382b42ae22fb42;Ongoing Département;Zone 1 / Chantier 5522;IPA-D16;Ok;;2021-11-23T09:47:54.0000000;2022-09-01T13:37:20.0000000;2022-09-01T13:37:20.0000000;2021-11-23T09:47:54.0000000;EUR;2022-10-28T23:59:59.0000000
0024aee343ad40c882715ac8606db1c1;d0354f6cb5264efc8dec5bdb4cf694bf;3a5c981fcd2046d185949c9dbce21814;Ongoing Région;Zone 1 / Chantier 8931;VPA-R24;Ok;;2022-08-29T17:15:01.0000000;;;2022-10-06T20:36:59.0000000;EUR;2022-10-28T23:59:59.0000000
003cdf0418f249489fba450fcb7ef3d5;3835aa9f3e22454c90c74e3244798651;4d377c7748ef4b518f4133df54fb4650;Ongoing Département;Zone 1 / Chantier 3798;PDF-D61;Ok;;2021-12-10T10:29:13.0000000;2021-12-06T16:35:02.0000000;2021-12-06T16:35:02.0000000;2021-12-10T10:29:13.0000000;EUR;2022-10-28T23:59:59.0000000
0040e59c6da14c9a903cbc44299d9162;c6a49f06845843a7bd39caf1db4a4e51;00e73f2a7f934805b6382b42ae22fb42;Ongoing Département;Zone 1 / Chantier 3409;MPN-D43;Ok;;2022-09-19T18:01:35.0000000;2022-09-27T12:10:25.0000000;2022-09-27T12:10:25.0000000;2022-09-19T18:01:35.0000000;EUR;2022-10-28T23:59:59.0000000
00426c73712b410b9d4be3ec55d5f449;3f3b5d33ed264c41ac97cda839d85b6d;3a083f39879f484cb4a8ece37ad43cdc;Ongoing Région;Zone 1 / Chantier 7718;APP-R94;Ok;;2022-06-30T11:23:17.0000000;;;2022-07-29T12:01:19.0000000;EUR;2022-10-28T23:59:59.0000000
004b3a9367374267a7d1d5fed94fb3a7;9ff5836ec47e48fea9b5eef3cd148ea2;84e17381b827401c9920b2f4c3f48b1c;Ongoing Département;Zone 1 / Chantier 6162;RCN-D45;Ok;;2022-05-18T20:09:41.0000000;2022-08-24T19:02:59.0000000;2022-08-24T19:02:59.0000000;2021-11-15T15:15:43.0000000;EUR;2022-10-28T23:59:59.0000000
0052c3519dd34981986ba41f7274e88f;e7fd90ccc4364412ab931b5cdea2a3a4;84e17381b827401c9920b2f4c3f48b1c;Ongoing Département;Zone 1 / Chantier 8937;APP-D29;Ok;;2021-11-15T15:15:42.0000000;2022-08-24T18:58:57.0000000;2022-08-24T18:58:57.0000000;2021-11-15T15:15:42.0000000;EUR;2022-10-28T23:59:59.0000000
005b41d5ecf9485f9fdf6ac389340bc4;cafa62f623b748e7938e9bf6dd269166;53ff7cb7600542cebca7332106641d91;Suspended;Zone 1 / Chantier 2004;DPC-D989;Ok;;2022-03-07T15:20:47.0000000;2020-11-19T14:55:47.0000000;2020-11-19T14:55:47.0000000;2022-03-07T15:20:47.0000000;EUR;2022-10-28T23:59:59.0000000
006066de649a45c58d0d82b0f43e76d5;240af4174c874dd4a39d61f518dc7de9;4f24a546a2fd4e37b4b28d8c64290df0;Ongoing Département;Zone 1 / Chantier 5353;DPH-D972;Ok;;2021-11-17T11:40:53.0000000;2022-10-07T12:21:41.0000000;2022-10-07T12:21:41.0000000;2021-11-17T11:40:53.0000000;EUR;2022-10-28T23:59:59.0000000
006244ac66c24dd5af95ca284c7fd890;84f4700d7da64604b50b53b11cd33d4e;5ef29ba03eda4608bfa3c4cb86f10fde;Ongoing Département;Zone 1 / Chantier 9119;PCS-D72;Ok;;2022-01-25T17:32:00.0000000;2022-10-25T14:11:14.0000000;2022-10-25T14:11:14.0000000;2022-01-25T17:32:00.0000000;EUR;2022-10-28T23:59:59.0000000
0072d06191a744e0bd11af1fc3336d73;bd9b4ae2857c4677828ffd1c38c9a52f;204faa6a269546eababbf72d009d6567;Ongoing Département;Zone 1 / Chantier 2158;PUU-D94;Ok;;2021-11-18T18:32:56.0000000;2022-10-04T23:57:21.0000000;2022-10-04T23:57:21.0000000;2021-11-18T18:32:56.0000000;EUR;2022-10-28T23:59:59.0000000
007d46331a1e41d8b4b09fb07f44e2bd;1582ca640601428ab2c5719d040d7df9;b01438513d4f4fc38aa6b3ff86217e58;Ongoing Région;Zone 1 / Chantier 2672;ANA-A13;Ok;;2021-11-15T14:09:58.0000000;2021-01-20T14:30:53.0000000;2021-01-20T14:30:53.0000000;2021-11-15T14:09:58.0000000;EUR;2022-10-28T23:59:59.0000000
00841d619c3447f593263a5e6ecb4288;a529b6f3de434907b0fed72eb124f54e;fe0b687564244b1cbb76b391cf5bad54;Ongoing Département;Zone 1 / Chantier 3522;DPR-D987;Ok;;2021-05-27T03:08:59.0000000;2022-03-09T14:30:34.0000000;2022-03-09T14:30:34.0000000;2021-05-27T03:08:59.0000000;EUR;2022-10-28T23:59:59.0000000
0084c662062147e9a1ff4c14542c91e9;39deb71617be4f2ab91915cfa3ce6ce9;df52b11fa40c416e980a13c07303f78e;Ongoing Région;Zone 1 / Chantier 7002;IDA-R53;Ok;;2021-12-01T17:04:49.0000000;2022-10-28T16:54:44.0000000;2022-10-28T16:54:44.0000000;2022-10-18T14:30:15.0000000;EUR;2022-10-28T23:59:59.0000000
008551e290e349a9978fbaf93032ad2a;cf1f8dfd5bba4cc8b7807c7cb4a424bb;24d3a7c9b7b6425eb8c934ce526ef4e7;Default;Zone 1 / Chantier 8903;RUP-D88;Ok;;2022-06-17T17:35:11.0000000;2022-07-07T19:13:50.0000000;2022-07-07T19:13:50.0000000;2022-06-17T17:35:11.0000000;EUR;2022-10-28T23:59:59.0000000
0088f6d7271b4892a40e09684c1f678a;f0a3981978e740fdb9a7979d052ad94e;4f24a546a2fd4e37b4b28d8c64290df0;Ongoing Département;Zone 1 / Chantier 2379;TND-D87;Ok;;2022-09-30T16:10:38.0000000;2022-10-18T14:02:14.0000000;2022-10-18T14:02:14.0000000;2022-09-30T16:10:38.0000000;EUR;2022-10-28T23:59:59.0000000
008d2e002e854ff0ad5451d7400f5313;a17aee02e2a6405b8218a81d70405613;5ef29ba03eda4608bfa3c4cb86f10fde;Ongoing Département;Zone 1 / Chantier 3839;DVO-D33;Ok;;2022-09-30T16:09:57.0000000;2022-03-21T17:16:36.0000000;2022-03-21T17:16:36.0000000;2022-09-30T16:09:57.0000000;EUR;2022-10-28T23:59:59.0000000
008e48948e9045f883984b0408a29cc8;b7129bedc65b478a8212bfab090d2c74;204faa6a269546eababbf72d009d6567;Ongoing Département;Zone 1 / Chantier 627;LAH-D46;Ok;;2021-11-18T18:32:56.0000000;2022-10-21T16:01:51.0000000;2022-10-21T16:01:51.0000000;2021-11-18T18:32:56.0000000;EUR;2022-10-28T23:59:59.0000000
0092fcbb005044e7b84432db1930d760;3698e684490442e5947f8a2175f0b45c;24d3a7c9b7b6425eb8c934ce526ef4e7;Default;Zone 1 / Chantier 3394;NIA-D37;Ok;;2021-10-08T20:15:31.0000000;2022-10-24T17:32:01.0000000;2022-10-24T17:32:01.0000000;2021-10-08T20:15:31.0000000;EUR;2022-10-28T23:59:59.0000000
0094b20abb394b54ad68fe688163a752;68ad33a75dcb4d55b271ac131cdb4847;9126d2f048864fcca3e617debd0c3e58;Ongoing Département;Zone 1 / Chantier 9105;SAJ-D50;Ok;;2021-11-30T15:39:32.0000000;2021-10-09T16:17:59.0000000;2022-09-16T20:38:55.0000000;2021-11-30T15:39:32.0000000;EUR;2022-10-28T23:59:59.0000000
0098030c488642ab9c04cba9c5df51a1;a5c9224e1d7845fa9010d89a53c61bf3;204faa6a269546eababbf72d009d6567;Ongoing Département;Zone 1 / Chantier 6944;LAH-D89;Ok;;2022-08-08T15:47:56.0000000;2022-10-21T16:02:24.0000000;2022-10-21T16:02:24.0000000;2021-11-18T18:32:56.0000000;EUR;2022-10-28T23:59:59.0000000
009ee2ecd9b4410c9a9255487e95edf9;a529b6f3de434907b0fed72eb124f54e;fe0b687564244b1cbb76b391cf5bad54;Ongoing Département;Zone 1 / Chantier 5298;DPR-D984;Ok;;2021-05-27T03:08:59.0000000;2022-03-09T14:30:43.0000000;2022-03-09T14:30:43.0000000;2021-05-27T03:08:59.0000000;EUR;2022-10-28T23:59:59.0000000
00a0093415cc4d73b7d39f4f6c93dd7b;12c424c4ca39464fb8f075fa2af8bfd1;24d3a7c9b7b6425eb8c934ce526ef4e7;Default;Zone 1 / Chantier 3014;BEA-D54;Ok;;2022-08-31T15:39:14.0000000;2022-07-08T15:57:04.0000000;2022-07-08T15:57:04.0000000;2022-08-31T15:39:14.0000000;EUR;2022-10-28T23:59:59.0000000
00abd27511eb41d897cd9200bb408821;7113fa45e9cc476bbf75c96520d444fa;fe0b687564244b1cbb76b391cf5bad54;Ongoing Département;Zone 1 / Chantier 1424;DPR-D47;Ok;;2022-07-25T14:14:48.0000000;2022-03-09T14:30:24.0000000;2022-03-09T14:30:24.0000000;2021-05-27T03:08:58.0000000;EUR;2022-10-28T23:59:59.0000000
00ada4a6e6ae416e83c53052b52b6d60;a550724438694752b06a96e89c866235;5ad2a885f5274fc084b9289ee477db2a;Ongoing Département;Zone 1 / Chantier 5534;RFP-D63;Ok;;2021-06-22T17:19:57.0000000;2021-03-30T11:56:23.0000000;2021-03-30T11:56:23.0000000;2021-06-22T17:19:57.0000000;EUR;2022-10-28T23:59:59.0000000
00b4109c5e6d4a5b88a2bb5ef1811756;2e5a29af36364aa0a182d4c5783bb748;926e5ee555634da092560f473f8b426b;Ongoing Département;Zone 1 / Chantier 7559;LVF-D68;Ok;;2022-08-19T15:55:02.0000000;2022-10-26T13:20:37.0000000;2022-10-26T13:20:37.0000000;2021-09-24T11:23:09.0000000;EUR;2022-10-28T23:59:59.0000000
00b7529a907649138f4a8028c662ebf8;96fe82fca94d46d8a29148e615d19fb4;974925f84b064b84a10edbddbd161375;Ongoing Région;Zone 1 / Chantier 8137;PED-COM;Ok;;2021-05-27T03:47:15.0000000;;;2021-05-27T03:47:15.0000000;EUR;2022-10-28T23:59:59.0000000
00c61e2b4a5248ef843e353e58afd481;a1a89f7469b54cebb6049735bb37b152;84e17381b827401c9920b2f4c3f48b1c;Ongoing Département;Zone 1 / Chantier 4515;RTD-D70;Ok;;2022-06-24T16:22:56.0000000;2022-10-17T09:09:27.0000000;2022-10-17T09:09:27.0000000;2021-11-15T15:15:43.0000000;EUR;2022-10-28T23:59:59.0000000
00cb590e6de94abd82bd82bc95527da5;76d416ab93bb43ad9f6b92c0d9af5520;15985f7870e1497aa765a329bbafc9ac;Ongoing Région;Zone 1 / Chantier 5149;SPA-A04;Ok;;2021-08-06T16:36:42.0000000;;;2021-08-06T16:36:42.0000000;EUR;2022-10-28T23:59:59.0000000
00cd713dd72d429da4d57b48d0255611;eae490f9b1e2462c8cdfd8dd37fb873d;d2e1e0a6f7e345bfb2067f75ba43695b;Ongoing Département;Zone 1 / Chantier 1763;PVD-D77;Ok;;2021-06-16T17:22:30.0000000;2022-03-09T10:21:35.0000000;2022-03-09T10:21:35.0000000;2021-06-16T17:22:30.0000000;EUR;2022-10-28T23:59:59.0000000
00cecfd3cf094dfe8dbfb14d7bba1020;20f297e73b9947da9f414e10015cd5b8;5ef29ba03eda4608bfa3c4cb86f10fde;Ongoing Département;Zone 1 / Chantier 9664;DVO-D36;Ok;;2022-10-13T11:32:57.0000000;2022-03-21T17:16:43.0000000;2022-03-21T17:16:43.0000000;2022-10-13T11:32:57.0000000;EUR;2022-10-28T23:59:59.0000000
00cff213d8644e3bae8897af4ec36a73;31c68bfda1ab484eb8ab370edfcfb008;ac9a86431de84ea4b710e15fbb50d725;Ongoing Réforme;Zone 1 / Chantier 662;OVQ-LAH;Ok;;2021-03-19T11:30:55.0000000;2022-10-20T18:38:32.0000000;2022-10-20T18:38:32.0000000;2022-10-20T08:42:13.0000000;EUR;2022-10-28T23:59:59.0000000
00dbb7bcf89b4f2d849e15df063ef994;e87ac645b7d343479d8980af293d6391;fe0b687564244b1cbb76b391cf5bad54;Ongoing Département;Zone 1 / Chantier 7642;LPT-D48;Ok;;2022-01-25T17:16:29.0000000;2021-05-19T15:05:54.0000000;2021-05-19T15:05:54.0000000;2022-01-25T17:16:29.0000000;EUR;2022-10-28T23:59:59.0000000
00eb75acb5b5411d81dc9cec2ecbe5c3;99ecd0a5427d45e482a0f23131972f6e;ac7719db8fee48c2830e14cf780e24e1;Ongoing Département;Zone 1 / Chantier 5688;SPA-D08;Ok;;2021-12-09T14:55:23.0000000;2022-09-27T16:17:02.0000000;2022-09-27T16:17:02.0000000;2021-12-09T14:55:23.0000000;EUR;2022-10-28T23:59:59.0000000
00ecc90bbc2a4e78af068669905f962f;c69719bd99bf4dc19a09c1c897785a42;5ef29ba03eda4608bfa3c4cb86f10fde;Ongoing Département;Zone 1 / Chantier 11;DMS-D84;Ok;;2022-10-13T14:21:24.0000000;2022-10-07T18:22:00.0000000;2022-10-07T18:22:00.0000000;2022-10-13T14:21:24.0000000;EUR;2022-10-28T23:59:59.0000000
00f3cd6fd55b48b5a12808e3b65f502a;012812faf0ec40a0bebf30622354fb5d;df52b11fa40c416e980a13c07303f78e;Ongoing Région;Zone 1 / Chantier 5628;CIE-R75;Ok;;2021-05-27T03:40:02.0000000;;;2021-10-05T13:36:17.0000000;EUR;2022-10-28T23:59:59.0000000
00f970ee16cd4858b043f0459c7e9369;17cbbe4176ae4b4691ee3e986e44654b;1c00cf7ed0c848e98ce56fe565fdd709;Ongoing Département;Zone 1 / Chantier 7264;IDA-D49;Ok;;2022-05-30T09:47:57.0000000;2022-03-16T17:13:54.0000000;2022-03-16T17:13:54.0000000;2021-12-01T17:05:11.0000000;EUR;2022-10-28T23:59:59.0000000
00fc3422ea384456b2092fbe2d9ae1f7;e0b7b9bd55144fce9f37852c7cf14fac;5ef29ba03eda4608bfa3c4cb86f10fde;Ongoing Département;Zone 1 / Chantier 1406;DMS-D43;Ok;;2022-09-19T17:58:28.0000000;2022-10-07T18:21:34.0000000;2022-10-07T18:21:34.0000000;2022-09-19T17:58:28.0000000;EUR;2022-10-28T23:59:59.0000000
00fd5e42d1634cb28e3d36ec5a2c254b;0f9f85e866514cc1a70e0bdea00a2a5f;3a5c981fcd2046d185949c9dbce21814;Ongoing Région;Zone 1 / Chantier 9410;ZFE-R52;Ok;;2022-04-28T19:19:03.0000000;2022-01-10T16:52:39.0000000;2022-01-10T16:52:39.0000000;2022-04-29T15:20:55.0000000;EUR;2022-10-28T23:59:59.0000000
01015c49548f4502bcee5d97e6124f4f;747ae019308b41a19ade939cb88b1569;4d377c7748ef4b518f4133df54fb4650;Ongoing Département;Zone 1 / Chantier 2084;REA-D82;Ok;;2021-12-02T10:23:49.0000000;2021-12-01T09:22:51.0000000;2021-12-01T09:22:51.0000000;2021-12-02T10:23:49.0000000;EUR;2022-10-28T23:59:59.0000000
0107cfd059f84458a353d23167dd76d7;cb6c8192a7e649f091245bbb2ea697d2;24d3a7c9b7b6425eb8c934ce526ef4e7;Default;Zone 1 / Chantier 8760;RUP-D84;Ok;;2022-09-12T17:03:21.0000000;2022-07-07T19:13:49.0000000;2022-07-07T19:13:49.0000000;2022-06-17T17:35:11.0000000;EUR;2022-10-28T23:59:59.0000000
010a094d2ee44d6f9b6c4c2aa046f2f4;ee66da793d4b4fd4b33eccedf572c41a;4d377c7748ef4b518f4133df54fb4650;Ongoing Département;Zone 1 / Chantier 2150;REA-D43;Ok;;2021-12-16T15:41:44.0000000;2021-12-01T09:22:13.0000000;2021-12-01T09:22:13.0000000;2021-12-02T10:23:49.0000000;EUR;2022-10-28T23:59:59.0000000
010b59e6ba0c4f77976595bafc4a6fec;0e3706481ed14524b0603276422d2d29;4d377c7748ef4b518f4133df54fb4650;Ongoing Département;Zone 1 / Chantier 824;REA-D987;Ok;;2021-12-01T13:34:21.0000000;2021-01-18T14:42:21.0000000;2021-01-18T14:42:21.0000000;2021-12-01T13:34:21.0000000;EUR;2022-10-28T23:59:59.0000000
0110d83a83c54af292f1847246e66199;71f500c67d324ed794a3cae6a0e99ee6;ac7719db8fee48c2830e14cf780e24e1;Ongoing Département;Zone 1 / Chantier 4120;SNU-D56;Ok;;2021-12-06T14:52:57.0000000;2021-12-02T16:09:46.0000000;2021-12-02T16:09:46.0000000;2021-12-06T14:52:57.0000000;EUR;2022-10-28T23:59:59.0000000
011112cdd40b4333b173ae0a11360b25;60f813b8da314a6a9e35db6c25034dd0;1061998740144f6fa066621a2985a969;Suspended;Zone 1 / Chantier 3809;ENP-R02;Ok;;2022-09-19T17:58:47.0000000;2022-09-08T11:09:17.0000000;2022-09-08T11:09:17.0000000;2022-09-19T17:58:47.0000000;EUR;2022-10-28T23:59:59.0000000
01168a35b47345cf827eb5d88129c2d0;076a1a9142564bbc9d211e39b50a23bb;84e17381b827401c9920b2f4c3f48b1c;Ongoing Département;Zone 1 / Chantier 3521;RTD-D07;Ok;;2022-06-29T12:40:30.0000000;2022-10-17T09:09:03.0000000;2022-10-17T09:09:03.0000000;2021-11-15T15:15:43.0000000;EUR;2022-10-28T23:59:59.0000000
01172bfda3854782b66cd753ce789ea0;8be0179278a54c0ab0fa345777bdaedb;9126d2f048864fcca3e617debd0c3e58;Ongoing Département;Zone 1 / Chantier 8418;PPN-D08;Ok;;2022-10-13T14:28:22.0000000;2022-10-18T09:23:38.0000000;2022-10-18T09:23:38.0000000;2022-10-13T14:28:22.0000000;EUR;2022-10-28T23:59:59.0000000
0118d0cb25654e35a7e193da01751014;def210fa63814fae90e1e33920eaab51;204faa6a269546eababbf72d009d6567;Ongoing Département;Zone 1 / Chantier 5026;PVL-D47;Ok;;2021-11-18T18:32:56.0000000;2022-09-28T12:07:51.0000000;2022-09-28T12:07:51.0000000;2021-11-18T18:32:56.0000000;EUR;2022-10-28T23:59:59.0000000
0119c3154c4143669793d299656e0e3e;0d9703d7af99461d8a350d1d1297cf30;84e17381b827401c9920b2f4c3f48b1c;Ongoing Département;Zone 1 / Chantier 4041;RCN-D74;Ok;;2022-01-04T09:09:53.0000000;2022-08-24T19:02:51.0000000;2022-08-24T19:02:51.0000000;2021-11-15T15:15:43.0000000;EUR;2022-10-28T23:59:59.0000000
011e730b371649ce846ad959594910eb;f475858308a544fdb5221d9ed9b870ab;5ef29ba03eda4608bfa3c4cb86f10fde;Ongoing Département;Zone 1 / Chantier 7294;OAD-D50;Ok;;2021-12-14T10:33:30.0000000;2022-03-31T17:01:45.0000000;2022-03-31T17:01:45.0000000;2021-12-14T10:33:30.0000000;EUR;2022-10-28T23:59:59.0000000
012059b399104ba5b22660795e5d2ab1;adc02a65df9d4ca5945553e915d4ed63;00e73f2a7f934805b6382b42ae22fb42;Ongoing Département;Zone 1 / Chantier 7836;MAA-D50;Ok;;2022-02-02T10:05:36.0000000;2022-10-05T16:26:44.0000000;2022-10-05T16:26:44.0000000;2022-02-02T10:05:36.0000000;EUR;2022-10-28T23:59:59.0000000
012558360c264585b9c3a97ed8bce2ff;1d1ddd07fd1845bbad264bd55443fb22;5ef29ba03eda4608bfa3c4cb86f10fde;Ongoing Département;Zone 1 / Chantier 9082;IES-D88;Ok;;2022-03-16T14:40:27.0000000;;;2022-03-16T14:40:27.0000000;EUR;2022-10-28T23:59:59.0000000
012812faf0ec40a0bebf30622354fb5d;9c6ffd4b8aac4633824812356637629f;31ca3fe589c54463a4eb9f7f8774836d;Ongoing Réforme;Zone 1 / Chantier 6396;OVQ-CIE;Ok;;2021-05-25T18:16:18.0000000;2022-03-16T16:55:27.0000000;2022-09-21T15:18:41.0000000;2021-06-24T10:42:30.0000000;EUR;2022-10-28T23:59:59.0000000
012c060effa9444d8ebbd65a80f4f1ca;cf1f8dfd5bba4cc8b7807c7cb4a424bb;24d3a7c9b7b6425eb8c934ce526ef4e7;Default;Zone 1 / Chantier 6883;RUP-D52;Ok;;2022-06-17T17:35:11.0000000;2022-07-07T19:13:22.0000000;2022-07-07T19:13:22.0000000;2022-06-17T17:35:11.0000000;EUR;2022-10-28T23:59:59.0000000
012e9aada2924cfc8612134669867e69;e9722488f0cf42d3bc35c528b8808615;265f5f397975405baef3014d44fbd758;Ongoing Réforme;Zone 1 / Chantier 3321;OVQ-PVD;Ok;;2021-11-16T16:05:19.0000000;2021-07-14T09:12:03.0000000;2022-01-07T14:13:42.0000000;;EUR;2022-10-28T23:59:59.0000000
0135076e0ff648c38788622c30edc0d8;762a004e2cb3434fbfb8c44215d564c5;4d377c7748ef4b518f4133df54fb4650;Ongoing Département;Zone 1 / Chantier 5180;ANA-D88;Ok;;2021-11-26T18:03:42.0000000;2021-11-26T18:36:04.0000000;2021-11-26T18:36:04.0000000;2021-11-26T18:03:42.0000000;EUR;2022-10-28T23:59:59.0000000
013ec40422404e0284d4be25dea33294;04ee0e7b8194484faa2804615c05b61e;4d377c7748ef4b518f4133df54fb4650;Ongoing Département;Zone 1 / Chantier 5455;REP-D46;Ok;;2022-03-18T17:34:49.0000000;2022-03-16T10:32:34.0000000;2022-03-16T10:32:34.0000000;2022-03-08T18:29:45.0000000;EUR;2022-10-28T23:59:59.0000000
013f0c5e9d7f47beb1c84b58c6b19bb8;cadc8b0b80e049a6acae94910dde968f;4d377c7748ef4b518f4133df54fb4650;Ongoing Département;Zone 1 / Chantier 5982;LEC-D38;Ok;;2021-12-01T10:29:38.0000000;2021-12-01T10:12:12.0000000;2021-12-01T10:12:12.0000000;2021-12-01T10:29:38.0000000;EUR;2022-10-28T23:59:59.0000000
0142d5654b114835a9f0eb8a6033252f;997d1c52df3c4af7b3fc787236787c0c;d2e1e0a6f7e345bfb2067f75ba43695b;Ongoing Département;Zone 1 / Chantier 4412;ACV-D49;Ok;;2022-09-15T15:03:24.0000000;2022-10-25T09:23:41.0000000;2022-10-25T09:23:41.0000000;2021-07-20T11:34:10.0000000;EUR;2022-10-28T23:59:59.0000000
0145ee5c7c364fe0a88ec1187f8146c4;a45aca05b71c4b38952e597df1334196;4f24a546a2fd4e37b4b28d8c64290df0;Ongoing Département;Zone 1 / Chantier 9459;TND-D88;Ok;;2022-03-16T14:39:53.0000000;2022-10-18T14:02:48.0000000;2022-10-18T14:02:48.0000000;2022-03-16T14:39:53.0000000;EUR;2022-10-28T23:59:59.0000000
015fb3b80e3f426c953d5f8dbbbd3ee1;a58ec2edb1b84c3f9693333c95cb7eca;6ff5cf042d8443509cc50399e2e25a12;Ongoing Région;Zone 1 / Chantier 8827;ANA-R53;Ok;;2021-11-15T14:05:42.0000000;2021-05-06T19:06:58.0000000;2021-12-01T13:26:11.0000000;2021-11-15T14:05:42.0000000;EUR;2022-10-28T23:59:59.0000000
01628225374945e2b2b52bcac26958a9;978ef4d5fc2c41869cdc4dab15ba202a;fe0b687564244b1cbb76b391cf5bad54;Ongoing Département;Zone 1 / Chantier 3879;DPR-D12;Ok;;2022-09-02T12:08:40.0000000;2022-03-09T14:29:56.0000000;2022-03-09T14:29:56.0000000;2021-05-27T03:08:57.0000000;EUR;2022-10-28T23:59:59.0000000
01652801c5cd4e8c927da2cd108f73a4;7b09fc5e961341cdb009e5b67d6f9cb4;c88cabb363a749c69fe865e6ec23810b;Suspended;Zone 1 / Chantier 5155;RFP-R03;Ok;;2022-02-18T15:03:08.0000000;;;2022-02-18T15:03:08.0000000;EUR;2022-10-28T23:59:59.0000000
016970297f22475ba90b90eefe3cac59;7cc4c660f72e439681ee37815adf5007;84e17381b827401c9920b2f4c3f48b1c;Ongoing Département;Zone 1 / Chantier 1603;IAE-D978;Ok;;2021-11-15T15:15:42.0000000;2022-08-24T19:08:33.0000000;2022-08-24T19:08:33.0000000;2021-11-15T15:15:42.0000000;EUR;2022-10-28T23:59:59.0000000
0176ddef1d4b40f783ef6205183efabe;3c9784504978472a9a68f16bbe2a1131;5568f981167f492da46a4e252c914dbb;Default;Zone 1 / Chantier 471;BIO-R28;Ok;;2022-10-26T16:18:43.0000000;2021-10-12T19:08:00.0000000;2021-10-13T17:15:52.0000000;2022-10-28T15:17:53.0000000;EUR;2022-10-28T23:59:59.0000000
01830c7ec32a4e98972ce91ce747bb6b;f5b3a201cb0345f39a2e9338ad087dcd;1c00cf7ed0c848e98ce56fe565fdd709;Ongoing Département;Zone 1 / Chantier 8626;RLS-D40;Ok;;2022-09-11T21:53:35.0000000;2022-08-30T17:18:05.0000000;2022-08-30T17:18:05.0000000;2021-06-22T12:09:38.0000000;EUR;2022-10-28T23:59:59.0000000
0186a265c5d742d8aebd0e12444cde74;640c84bbd33e4126b76f468c73cc1d30;99cba9fa70c04c1e902ee5afa10b6c14;Ongoing Région;Zone 1 / Chantier 3813;FPB-A16;Ok;;2021-11-15T14:49:21.0000000;2021-11-22T19:00:25.0000000;2021-11-22T19:00:25.0000000;2022-08-30T16:59:31.0000000;EUR;2022-10-28T23:59:59.0000000
01887a8581384690a4f4e756c8009aec;b86072644f124b14b259bc4f7ce17fe4;4d377c7748ef4b518f4133df54fb4650;Ongoing Département;Zone 1 / Chantier 3985;PDF-D42;Ok;;2021-12-10T10:29:13.0000000;2021-12-06T16:34:41.0000000;2021-12-06T16:34:41.0000000;2021-12-10T10:29:13.0000000;EUR;2022-10-28T23:59:59.0000000
019001fcf29449b29e45c92ff7f2fce2;cba8ea8ce5174fad8ccb418b77f8e915;5ad2a885f5274fc084b9289ee477db2a;Ongoing Département;Zone 1 / Chantier 2169;RFP-D45;Ok;;2022-04-26T09:12:20.0000000;2021-03-30T11:56:21.0000000;2021-03-30T11:56:21.0000000;2021-06-22T17:19:57.0000000;EUR;2022-10-28T23:59:59.0000000
0195398b3eda45768e543b2cb655e1f0;40f939153ea847f99c882d56976979fe;a374e1952714473ca80e9695890e4a2d;Ongoing Réforme;Zone 1 / Chantier 815;OVQ-RFS;Ok;;2021-02-05T18:50:30.0000000;;2021-11-26T17:56:06.0000000;;EUR;2022-10-28T23:59:59.0000000
01a1d01bc60742e9b00846668a34d5f0;9bc8a2b1b91b41a68afd7b396b33ae40;204faa6a269546eababbf72d009d6567;Ongoing Département;Zone 1 / Chantier 6172;PVL-D76;Ok;;2022-10-05T15:21:55.0000000;2022-09-28T12:08:11.0000000;2022-09-28T12:08:11.0000000;2021-11-18T18:32:56.0000000;EUR;2022-10-28T23:59:59.0000000
01b1e168b22f4d17a71739906fdb4f1b;0ca5342924994f878abc1a9d0912ccb3;4f24a546a2fd4e37b4b28d8c64290df0;Ongoing Département;Zone 1 / Chantier 9249;DPH-D10;Ok;;2021-11-17T11:40:53.0000000;2022-10-07T12:20:47.0000000;2022-10-07T12:20:47.0000000;2021-11-17T11:40:53.0000000;EUR;2022-10-28T23:59:59.0000000
01b2ee1aaa804d6cb17cc105cbca4825;bf0116b1ce864e45993d7e857e421c14;204faa6a269546eababbf72d009d6567;Ongoing Département;Zone 1 / Chantier 8160;PEN-D40;Ok;;2022-09-11T22:07:58.0000000;2022-08-03T14:45:05.0000000;2022-08-03T14:45:05.0000000;2021-11-18T18:32:55.0000000;EUR;2022-10-28T23:59:59.0000000
01c86849dec148cab49d55d89e496450;08a889ad9e0147ce928e5241d49740de;97b4a0272a464dab8303e0bb1fce73a5;Ongoing Département;Zone 1 / Chantier 2468;PED-D21;Deleted;;2021-05-27T03:08:20.0000000;2022-07-12T18:18:17.0000000;2022-07-12T18:18:17.0000000;2021-05-27T03:08:20.0000000;EUR;2022-10-28T23:59:59.0000000
01d08cca67be46bea2563a4554ecf745;804f5d4ed6d94a7b89f52f6f61af9a47;1c00cf7ed0c848e98ce56fe565fdd709;Ongoing Département;Zone 1 / Chantier 8850;RLS-D973;Ok;;2021-06-22T12:09:37.0000000;2022-08-30T17:17:55.0000000;2022-08-30T17:17:55.0000000;2021-06-22T12:09:37.0000000;EUR;2022-10-28T23:59:59.0000000
01d3753b91aa461bb2491af51e5d8e7c;7d602b3a613b4a4b8248658cb4d113f2;fa4c9416f0d24218b998e01307585087;Ongoing Région;Zone 1 / Chantier 8802;MPN-R94;Ok;;2022-10-13T11:44:11.0000000;2022-01-17T09:27:35.0000000;2022-01-17T09:27:35.0000000;2022-10-13T11:44:11.0000000;EUR;2022-10-28T23:59:59.0000000
01da0338cc7a47dda5576af291c41f87;fad9dc8dc7fb4f6a91e3dbfb8153684e;926e5ee555634da092560f473f8b426b;Ongoing Département;Zone 1 / Chantier 9819;LVF-D39;Ok;;2022-10-27T15:39:57.0000000;2022-10-26T13:20:47.0000000;2022-10-26T13:20:47.0000000;2021-09-24T11:23:09.0000000;EUR;2022-10-28T23:59:59.0000000
01e00a3047bc44339b7e4f1115cc6290;fca27714fcbf41ca894d43059f1362c4;4d377c7748ef4b518f4133df54fb4650;Ongoing Département;Zone 1 / Chantier 8530;DEI-D05;Ok;;2021-12-03T13:53:13.0000000;2021-12-03T13:39:37.0000000;2021-12-03T13:39:37.0000000;2021-12-03T13:53:13.0000000;EUR;2022-10-28T23:59:59.0000000
01e100e49c224cf2b3c4484e66fa2dfb;88c99c23698c4defa7eeabf46580543d;54bd6da344724561ae67b435b392adbe;Ongoing Région;Zone 1 / Chantier 1863;SNR-A23;Ok;;2021-08-06T15:32:13.0000000;;;2021-08-06T15:32:13.0000000;EUR;2022-10-28T23:59:59.0000000
01e7b5e09c7f4a68a2dbb2eb83c4df3f;696edf38073f4b708036cf73a27ca20e;fe0b687564244b1cbb76b391cf5bad54;Ongoing Département;Zone 1 / Chantier 9191;THR-D25;Ok;;2022-01-25T17:16:28.0000000;2022-06-15T15:54:27.0000000;2022-06-15T15:54:27.0000000;2022-01-25T17:16:28.0000000;EUR;2022-10-28T23:59:59.0000000
01f150ba1a304c51adf57b496bcbe095;6886faabc7d148249a2b171d30dcb9df;4d377c7748ef4b518f4133df54fb4650;Ongoing Département;Zone 1 / Chantier 6165;ANA-D976;Ok;;2021-11-26T18:03:42.0000000;2021-11-26T18:35:32.0000000;2021-11-26T18:35:32.0000000;2021-11-26T18:03:42.0000000;EUR;2022-10-28T23:59:59.0000000
01ffe5084afc49b59df221df460a16e3;75b0c679e15347d89773981a35cf93ad;5ef29ba03eda4608bfa3c4cb86f10fde;Ongoing Département;Zone 1 / Chantier 4608;IES-D62;Ok;;2022-09-19T17:58:28.0000000;;;2022-09-19T17:58:28.0000000;EUR;2022-10-28T23:59:59.0000000
02092f0780a0495a9c0b925a20502a70;533c0adb492341f8bb6f1b48d5bf180d;204faa6a269546eababbf72d009d6567;Ongoing Département;Zone 1 / Chantier 6275;REL-D74;Ok;;2022-06-17T16:58:48.0000000;2022-08-22T17:32:44.0000000;2022-08-22T17:32:44.0000000;2021-11-18T18:32:55.0000000;EUR;2022-10-28T23:59:59.0000000
0209be6aa91746a9a5128feb6c865ee5;7329482d03b64275bc8485a8a75e8cf5;6763d6b0743947fe9a9c451379f0e2cc;Ongoing Région;Zone 1 / Chantier 3429;TND-R32;Ok;;2022-09-19T17:50:44.0000000;2022-01-13T10:34:59.0000000;2022-01-13T10:34:59.0000000;2022-09-19T17:50:44.0000000;EUR;2022-10-28T23:59:59.0000000
020f45f826584b87a91a860bbbb12bfb;9f3d3ce204034b0483bbefe3a6decc70;00e73f2a7f934805b6382b42ae22fb42;Ongoing Département;Zone 1 / Chantier 5555;DCP-D91;Ok;;2021-11-17T11:19:52.0000000;2022-04-04T10:42:40.0000000;2022-04-04T10:42:40.0000000;2021-11-17T11:19:52.0000000;EUR;2022-10-28T23:59:59.0000000
020fd2edfbe24eac84210fd55a096d7e;282b713db0df4bb1bdd5fd0c8a0ec09a;84e17381b827401c9920b2f4c3f48b1c;Ongoing Département;Zone 1 / Chantier 3594;AEF-D72;Ok;;2021-11-15T15:15:42.0000000;2022-07-21T12:42:06.0000000;2022-07-21T12:42:06.0000000;2021-11-15T15:15:42.0000000;EUR;2022-10-28T23:59:59.0000000
0217f16323014bcebb647dc9d78b25d4;5341745dc5c9402d8f68c16970904e94;54bd6da344724561ae67b435b392adbe;Suspended;Zone 1 / Chantier 4421;SNR-A28;Ok;;2022-02-18T14:50:32.0000000;;;2022-02-18T14:50:32.0000000;EUR;2022-10-28T23:59:59.0000000
0226ef4b9ebf4972bde693ca0c5ad719;43fcb99575314335a8e6610b8bf9256f;ac7719db8fee48c2830e14cf780e24e1;Ongoing Département;Zone 1 / Chantier 9143;SNU-D04;Ok;;2021-12-06T14:52:56.0000000;2021-12-02T16:08:52.0000000;2021-12-02T16:08:52.0000000;2021-12-06T14:52:56.0000000;EUR;2022-10-28T23:59:59.0000000
022937ce67d440c6bb5c43302aa47569;0f9f85e866514cc1a70e0bdea00a2a5f;3a5c981fcd2046d185949c9dbce21814;Ongoing Région;Zone 1 / Chantier 6036;ZFE-R94;Ok;;2021-11-18T18:32:42.0000000;2022-01-10T16:52:37.0000000;2022-01-10T16:52:37.0000000;2021-11-18T18:32:42.0000000;EUR;2022-10-28T23:59:59.0000000
0232cf8d42ae470c8a016319e7a16afc;1fdfd9ec58124fe9b52673d24fa71d4e;84e17381b827401c9920b2f4c3f48b1c;Ongoing Département;Zone 1 / Chantier 9272;APP-D75;Ok;;2022-10-18T14:38:38.0000000;2022-08-24T18:59:20.0000000;2022-08-24T18:59:20.0000000;2021-11-15T15:15:42.0000000;EUR;2022-10-28T23:59:59.0000000
023a5f6b7a434045b2dd64f00d560784;46fcd40940264f2089222db21d42a0f8;fe0b687564244b1cbb76b391cf5bad54;Ongoing Département;Zone 1 / Chantier 1776;ATN-D60;Ok;;2021-05-27T03:08:59.0000000;2022-10-17T18:21:44.0000000;2022-10-17T18:21:44.0000000;2021-05-27T03:08:59.0000000;EUR;2022-10-28T23:59:59.0000000
023ceeed080e49829f7390044f261582;f40c57cde8214704b05666359918f098;84e17381b827401c9920b2f4c3f48b1c;Ongoing Département;Zone 1 / Chantier 4554;NTS-D06;Ok;;2022-10-18T10:44:41.0000000;2022-09-01T17:40:45.0000000;2022-09-01T17:40:45.0000000;2021-11-15T15:15:42.0000000;EUR;2022-10-28T23:59:59.0000000
023d3c8991a3481894a991fe44f390c1;5b692f38d3e24160bebacd06cdb1ab26;5ef29ba03eda4608bfa3c4cb86f10fde;Ongoing Département;Zone 1 / Chantier 4654;ENP-D27;Ok;;2022-09-30T15:57:36.0000000;2022-09-08T11:22:10.0000000;2022-09-08T11:22:10.0000000;2022-09-30T15:57:36.0000000;EUR;2022-10-28T23:59:59.0000000
0240d4bf4eea418a8b0751dee8deaaba;d3d150d57d054f0ab876dfa796c815fd;5ad2a885f5274fc084b9289ee477db2a;Ongoing Département;Zone 1 / Chantier 1977;RFP-D33;Ok;;2022-08-02T17:25:07.0000000;2021-03-30T11:56:18.0000000;2021-03-30T11:56:18.0000000;2021-06-22T17:19:57.0000000;EUR;2022-10-28T23:59:59.0000000
024213a34a684e68afe71055057d6bcb;e89754f90c00412cb7a05ebadfbf5419;00e73f2a7f934805b6382b42ae22fb42;Ongoing Département;Zone 1 / Chantier 9067;PAA-D89;Ok;;2022-03-16T14:41:02.0000000;2021-01-14T11:11:19.0000000;2021-01-14T11:11:19.0000000;2022-03-16T14:41:02.0000000;EUR;2022-10-28T23:59:59.0000000